<?xml version="1.0" encoding="UTF-8"?>
<project-private xmlns="http://www.netbeans.org/ns/project-private/1">
    <data xmlns="http://www.netbeans.org/ns/make-project-private/1">
        <activeConfTypeElem>1</activeConfTypeElem>
        <activeConfIndexElem>0</activeConfIndexElem>
    </data>
    <editor-bookmarks xmlns="http://www.netbeans.org/ns/editor-bookmarks/2" lastBookmarkId="0"/>
    <open-files xmlns="http://www.netbeans.org/ns/projectui-open-files/2">
        <group>
            <file>file:/home/pete/Dropbox/ScanSnap/School/Byoungmo/2019%20Spring/CSC17A/git-repos/LeeByoungmo_CSC_17a_44083/Proj/Proj2/texasHoldem_Ver7/Player.cpp</file>
            <file>file:/home/pete/Dropbox/ScanSnap/School/Byoungmo/2019%20Spring/CSC17A/git-repos/LeeByoungmo_CSC_17a_44083/Proj/Proj2/texasHoldem_Ver7/Player.h</file>
            <file>file:/home/pete/Dropbox/ScanSnap/School/Byoungmo/2019%20Spring/CSC17A/git-repos/LeeByoungmo_CSC_17a_44083/Proj/Proj2/texasHoldem_Ver3/Hands.cpp</file>
            <file>file:/home/pete/Dropbox/ScanSnap/School/Byoungmo/2019%20Spring/CSC17A/git-repos/LeeByoungmo_CSC_17a_44083/Proj/Proj2/texasHoldem_Ver3/Hands.h</file>
            <file>file:/home/pete/Dropbox/ScanSnap/School/Byoungmo/2019%20Spring/CSC17A/git-repos/LeeByoungmo_CSC_17a_44083/Proj/Proj2/texasHoldem_Ver7/Card.h</file>
            <file>file:/home/pete/Dropbox/ScanSnap/School/Byoungmo/2019%20Spring/CSC17A/git-repos/LeeByoungmo_CSC_17a_44083/Proj/Proj2/texasHoldem_Ver7/Dealer.cpp</file>
            <file>file:/home/pete/Dropbox/ScanSnap/School/Byoungmo/2019%20Spring/CSC17A/git-repos/LeeByoungmo_CSC_17a_44083/Proj/Proj2/texasHoldem_Ver7/main.cpp</file>
            <file>file:/home/pete/Dropbox/ScanSnap/School/Byoungmo/2019%20Spring/CSC17A/git-repos/LeeByoungmo_CSC_17a_44083/Proj/Proj2/texasHoldem_Ver7/Card.cpp</file>
            <file>file:/home/pete/Dropbox/ScanSnap/School/Byoungmo/2019%20Spring/CSC17A/git-repos/LeeByoungmo_CSC_17a_44083/Proj/Proj2/texasHoldem_Ver7/Dealer.h</file>
        </group>
    </open-files>
</project-private>
