<?xml version="1.0" encoding="UTF-8"?>
<project-private xmlns="http://www.netbeans.org/ns/project-private/1">
    <editor-bookmarks xmlns="http://www.netbeans.org/ns/editor-bookmarks/2" lastBookmarkId="0"/>
    <open-files xmlns="http://www.netbeans.org/ns/projectui-open-files/2">
        <group>
            <file>file:/opt/lampp/htdocs/Cookie_Transfer/GetFormJSON/getForm.html</file>
            <file>file:/opt/lampp/htdocs/Cookie_Transfer/form.html</file>
            <file>file:/opt/lampp/htdocs/Cookie_Transfer/GetFormJSON/Survey.php</file>
            <file>file:/opt/lampp/htdocs/Cookie_Transfer/GetFormJSON/Survey.js</file>
            <file>file:/opt/lampp/htdocs/Cookie_Transfer/GetFormJSON/getForm.js</file>
            <file>file:/opt/lampp/htdocs/Cookie_Transfer/Survey.js</file>
            <file>file:/opt/lampp/htdocs/Cookie_Transfer/Survey.php</file>
            <file>file:/opt/lampp/htdocs/Cookie_Transfer/GetFormJSON/cookieFunctions.js</file>
            <file>file:/opt/lampp/htdocs/Cookie_Transfer/cookieTransferObject.php</file>
            <file>file:/opt/lampp/htdocs/Cookie_Transfer/GetFormJSON/form.html</file>
            <file>file:/opt/lampp/htdocs/Cookie_Transfer/cookieFunctions.js</file>
        </group>
    </open-files>
</project-private>
