-- MariaDB dump 10.17  Distrib 10.4.8-MariaDB, for Win64 (AMD64)
--
-- Host: 127.0.0.1    Database: upload3
-- ------------------------------------------------------
-- Server version	10.4.8-MariaDB

/*!40101 SET @OLD_CHARACTER_SET_CLIENT=@@CHARACTER_SET_CLIENT */;
/*!40101 SET @OLD_CHARACTER_SET_RESULTS=@@CHARACTER_SET_RESULTS */;
/*!40101 SET @OLD_COLLATION_CONNECTION=@@COLLATION_CONNECTION */;
/*!40101 SET NAMES utf8 */;
/*!40103 SET @OLD_TIME_ZONE=@@TIME_ZONE */;
/*!40103 SET TIME_ZONE='+00:00' */;
/*!40014 SET @OLD_UNIQUE_CHECKS=@@UNIQUE_CHECKS, UNIQUE_CHECKS=0 */;
/*!40014 SET @OLD_FOREIGN_KEY_CHECKS=@@FOREIGN_KEY_CHECKS, FOREIGN_KEY_CHECKS=0 */;
/*!40101 SET @OLD_SQL_MODE=@@SQL_MODE, SQL_MODE='NO_AUTO_VALUE_ON_ZERO' */;
/*!40111 SET @OLD_SQL_NOTES=@@SQL_NOTES, SQL_NOTES=0 */;

--
-- Table structure for table `blee_texas_holdem_entity_game`
--

DROP TABLE IF EXISTS `blee_texas_holdem_entity_game`;
/*!40101 SET @saved_cs_client     = @@character_set_client */;
/*!40101 SET character_set_client = utf8 */;
CREATE TABLE `blee_texas_holdem_entity_game` (
  `game_id` int(10) NOT NULL AUTO_INCREMENT,
  `status` int(10) DEFAULT NULL,
  `pot_balance` int(10) DEFAULT NULL,
  `bet_nth` int(10) DEFAULT NULL,
  `stage` int(10) DEFAULT NULL,
  `dcards_array` varchar(500) DEFAULT NULL,
  `betting_order` int(10) DEFAULT NULL,
  PRIMARY KEY (`game_id`),
  KEY `status` (`status`),
  CONSTRAINT `blee_texas_holdem_entity_game_ibfk_1` FOREIGN KEY (`status`) REFERENCES `blee_texas_holdem_enum_game_status` (`enum_game_sttus`),
  CONSTRAINT `blee_texas_holdem_entity_game_ibfk_2` FOREIGN KEY (`status`) REFERENCES `blee_texas_holdem_enum_game_status` (`enum_game_sttus`),
  CONSTRAINT `blee_texas_holdem_entity_game_ibfk_3` FOREIGN KEY (`status`) REFERENCES `blee_texas_holdem_enum_game_status` (`enum_game_sttus`)
) ENGINE=InnoDB AUTO_INCREMENT=155 DEFAULT CHARSET=utf8mb4;
/*!40101 SET character_set_client = @saved_cs_client */;

--
-- Dumping data for table `blee_texas_holdem_entity_game`
--

LOCK TABLES `blee_texas_holdem_entity_game` WRITE;
/*!40000 ALTER TABLE `blee_texas_holdem_entity_game` DISABLE KEYS */;
INSERT INTO `blee_texas_holdem_entity_game` VALUES (1,0,0,NULL,2147483647,NULL,NULL),(2,0,0,NULL,2147483647,NULL,NULL),(3,0,0,NULL,0,NULL,NULL),(4,0,0,NULL,0,NULL,NULL),(5,0,0,NULL,0,NULL,NULL),(6,0,0,NULL,0,NULL,NULL),(7,0,0,NULL,0,NULL,NULL),(8,0,0,NULL,0,NULL,NULL),(9,0,0,NULL,0,NULL,NULL),(10,0,0,NULL,0,NULL,NULL),(11,0,0,NULL,0,NULL,NULL),(12,0,0,NULL,0,NULL,NULL),(13,0,0,1,NULL,NULL,NULL),(14,0,0,0,NULL,NULL,NULL),(15,0,0,0,NULL,NULL,NULL),(16,0,105,2,1,'[17,23,11,39,6,48,32,2,21,13,45,34,12,7,18,9,15,27,30,3,50,8,25,35,31,4,14,40,42,1,44,37,47,46,51,29,19,33,20,38,16,22,26,28,49,24,5,43,36,10,41,0]',0),(17,0,0,2,NULL,NULL,NULL),(18,0,15,2,1,'[47,38,50,13,35,37,10,29,25,51,22,0,31,3,21,19,14,42,33,49,23,40,32,34,48,45,2,43,7,20,39,28,11,27,4,6,24,36,30,8,18,41,44,46,15,16,1,12,17,5,9,26]',0),(19,0,45,2,1,'[41,20,6,10,40,39,26,3,38,9,2,4,25,45,35,23,46,19,11,33,17,44,32,0,43,12,50,34,37,15,36,22,42,18,16,24,1,48,28,49,27,14,30,29,5,8,21,47,51,13,7,31]',1),(20,0,15,2,1,'[4,45,18,33,38,32,7,24,46,43,20,28,36,11,34,15,13,37,19,25,10,26,39,5,29,49,30,50,35,22,14,0,2,48,47,21,44,42,31,41,12,3,1,51,9,8,16,27,6,40,17,23]',0),(21,0,0,2,NULL,NULL,NULL),(22,0,15,2,1,'[51,45,50,15,11,6,1,35,37,4,18,46,38,40,10,25,36,19,34,32,28,5,9,44,42,7,48,30,27,47,43,23,31,22,26,2,16,12,24,20,33,29,3,41,17,21,49,0,8,14,13,39]',0),(23,0,0,2,NULL,NULL,NULL),(24,0,15,2,1,'[2,33,7,12,47,28,48,50,38,19,49,1,17,10,8,15,41,18,29,43,34,0,9,20,23,35,22,31,4,32,14,51,24,5,6,27,26,39,44,25,16,13,21,30,3,45,40,11,42,37,46,36]',0),(25,0,30,2,1,'[35,26,0,9,23,3,15,42,38,2,49,13,43,37,32,36,18,6,1,30,25,16,45,19,8,4,14,27,22,28,44,17,47,7,40,24,29,10,21,41,39,5,51,34,12,31,48,20,50,33,11,46]',1),(26,0,180,2,1,'[2,0,32,24,13,25,44,10,5,20,21,19,34,30,8,27,6,4,14,51,41,46,49,39,3,9,1,47,23,16,11,29,18,31,50,28,17,45,48,40,42,26,37,7,15,12,22,35,38,43,36,33]',0),(27,0,15,2,1,'[50,7,37,19,2,4,0,23,44,22,12,1,3,29,18,20,21,16,30,5,45,13,43,31,27,33,38,39,10,51,47,41,28,34,36,8,11,42,25,40,49,9,14,24,26,17,48,32,35,6,46,15]',1),(28,0,30,2,1,'[6,14,41,29,32,11,46,10,50,22,42,36,40,7,45,34,19,18,27,47,1,43,23,24,49,31,25,30,13,26,17,4,12,21,33,51,35,37,9,20,28,16,2,8,0,15,38,44,3,48,5,39]',0),(29,0,15,2,1,'[28,48,9,46,29,44,23,16,5,39,35,43,1,8,34,2,0,25,47,24,18,27,26,33,32,14,49,17,51,42,12,50,3,19,13,21,36,6,40,30,22,15,7,4,20,10,45,37,11,38,31,41]',1),(30,0,15,2,1,'[13,50,44,36,19,1,17,3,28,43,40,21,7,15,6,51,22,31,20,23,34,33,29,18,26,49,48,16,11,10,45,2,27,25,32,41,47,12,5,39,42,24,4,14,8,46,38,37,30,35,9,0]',0),(31,0,30,2,1,'[41,50,9,10,23,35,45,48,30,32,17,37,38,20,28,6,51,15,2,27,44,5,36,43,13,3,22,34,39,0,16,18,42,40,4,33,8,49,11,29,19,14,47,1,7,31,26,21,24,25,46,12]',1),(32,0,15,2,1,'[38,23,18,45,1,39,51,49,19,2,28,30,17,21,36,25,13,26,15,34,42,4,48,35,7,44,32,0,37,27,12,14,20,6,10,9,24,16,22,47,50,31,29,46,33,8,43,3,5,41,11,40]',0),(33,0,45,2,1,'[5,48,15,50,0,10,1,41,29,8,6,19,35,20,18,45,33,9,38,34,7,47,42,16,17,23,21,14,3,22,43,39,44,4,28,51,49,11,2,46,25,24,31,37,13,27,30,40,32,26,36,12]',1),(34,0,15,2,1,'[10,34,20,45,31,35,4,24,28,30,49,26,3,36,37,15,23,2,48,46,16,44,17,1,13,0,29,7,12,22,8,39,47,19,6,41,38,21,25,42,27,14,11,33,50,40,43,18,5,51,32,9]',0),(35,0,15,2,1,'[38,48,26,0,34,31,43,44,41,22,1,2,3,17,29,8,45,35,19,20,49,23,50,32,6,24,40,30,25,16,7,21,39,15,18,5,47,51,12,27,42,36,33,4,28,37,10,9,11,13,46,14]',1),(36,0,40,2,0,'[0,50,45,33,13,18,23,11,12,6,27,10,2,5,25,30,32,34,9,1,38,37,3,29,15,24,44,43,35,22,41,20,47,16,26,14,31,39,17,49,46,21,42,8,19,4,40,7,51,48,36,28]',3),(37,0,35,2,4,'[19,46,3,5,36,22,10,43,4,47,33,30,26,8,15,50,27,31,7,12,13,24,44,51,21,14,35,0,20,38,37,1,23,18,39,34,41,32,16,40,9,6,49,29,45,2,28,25,48,42,11,17]',1),(38,0,15,2,4,'[3,2,0,16,38,23,21,24,5,29,4,47,44,8,1,19,51,34,14,35,48,22,12,20,36,10,31,11,30,39,45,6,13,15,43,7,37,27,32,49,18,9,17,42,28,46,41,26,33,50,25,40]',0),(39,0,15,2,4,'[20,8,12,23,30,3,9,37,26,38,36,22,49,28,2,42,0,48,1,29,47,16,27,40,46,45,24,44,13,51,4,6,10,17,31,43,50,5,19,35,33,18,11,34,14,41,25,21,7,15,32,39]',1),(40,0,20,2,4,'[2,27,40,30,44,24,9,6,39,29,19,26,1,20,48,42,7,36,12,13,47,14,50,10,17,31,4,28,5,45,38,34,8,46,49,21,32,43,18,23,51,11,22,33,0,41,37,25,35,15,3,16]',1),(41,0,15,2,4,'[9,35,14,49,47,33,1,18,42,7,41,43,38,0,23,11,40,4,3,20,13,2,28,16,21,15,51,8,27,36,10,30,25,19,29,26,39,44,31,50,46,37,22,6,34,32,24,12,17,48,5,45]',1),(42,0,20,2,2,'[45,36,38,46,6,9,27,17,12,41,30,44,15,5,35,24,4,11,13,31,28,51,48,2,10,42,20,33,7,22,3,18,19,50,1,21,37,32,0,40,26,14,43,49,8,39,34,25,16,29,47,23]',0),(43,0,15,2,4,'[15,51,17,41,19,14,33,28,27,48,7,40,45,0,42,25,26,36,4,2,3,20,1,22,34,35,43,30,9,32,38,16,37,50,49,31,44,24,47,10,39,29,18,46,6,8,13,21,11,12,23,5]',1),(44,0,20,2,4,'[30,48,40,34,12,43,20,11,25,27,0,14,10,22,23,28,24,6,44,42,45,51,41,47,3,37,35,46,18,17,31,16,19,8,33,50,15,7,2,29,26,13,21,9,1,36,38,32,49,39,5,4]',2),(45,0,15,2,4,'[14,32,35,25,45,3,13,6,50,5,28,10,38,37,8,23,1,18,2,46,34,44,4,39,43,36,21,11,49,9,16,30,7,33,29,19,40,0,47,22,12,17,42,31,20,48,24,51,27,26,41,15]',1),(46,0,0,2,NULL,NULL,NULL),(47,0,20,2,4,'[34,7,51,18,13,46,50,38,45,20,24,47,40,44,30,31,19,17,1,48,21,26,29,35,14,39,23,16,49,37,6,22,33,12,25,15,2,9,4,36,42,8,28,5,10,0,3,43,11,27,32,41]',2),(48,0,0,2,NULL,NULL,NULL),(49,0,15,2,1,'[15,21,6,23,24,51,25,4,22,49,19,2,28,38,33,48,12,29,9,17,40,7,50,47,14,42,45,46,3,18,39,1,26,36,41,13,35,31,37,10,20,34,27,11,8,30,44,0,32,16,43,5]',1),(50,0,0,2,NULL,NULL,NULL),(51,0,20,2,2,'[51,38,36,16,6,22,13,7,45,0,37,19,18,17,26,12,32,11,35,28,20,21,47,44,46,3,1,15,8,41,50,40,31,48,27,14,49,4,23,10,39,2,34,30,29,42,24,25,33,5,9,43]',1),(52,0,15,2,1,'[51,35,44,33,24,47,32,43,14,28,4,8,16,18,50,36,15,26,20,12,30,13,42,37,17,21,46,19,39,22,25,45,40,29,6,5,27,34,3,7,23,31,2,10,9,0,38,11,48,41,49,1]',0),(53,0,20,2,1,'[32,4,39,18,43,29,6,51,34,17,30,28,45,20,23,38,37,15,13,3,11,24,5,10,49,48,36,44,0,22,42,14,2,7,33,35,16,46,26,31,12,21,47,19,25,8,41,9,40,1,50,27]',2),(54,0,15,2,1,'[2,37,31,43,7,38,26,40,33,19,6,23,36,20,18,13,45,49,32,4,50,3,39,44,15,47,22,30,21,10,48,34,27,24,41,29,28,25,35,12,1,8,42,17,9,51,14,16,0,46,11,5]',0),(55,0,20,2,1,'[2,41,13,45,25,24,16,42,1,26,4,3,23,19,10,15,35,49,14,37,34,36,39,5,18,50,48,29,22,32,6,7,40,51,21,46,38,17,43,11,0,12,27,20,44,30,33,9,8,31,47,28]',2),(56,0,20,2,1,'[9,34,3,18,22,7,23,36,37,13,5,46,47,44,15,48,45,25,8,30,43,42,40,24,4,11,26,10,33,29,35,6,28,20,39,50,17,14,0,31,21,41,19,16,49,12,38,1,51,32,27,2]',7),(57,0,20,2,2,'[7,43,50,23,26,14,20,32,42,31,10,9,12,18,39,36,30,25,0,46,37,2,6,3,16,22,33,29,44,15,45,24,13,19,8,1,49,35,4,17,34,48,27,40,51,28,41,21,47,5,38,11]',1),(58,0,15,2,4,'[32,45,0,36,17,2,39,38,31,18,5,34,4,8,7,12,19,50,49,13,51,15,42,47,25,16,43,11,23,37,44,35,40,33,22,24,28,6,29,21,41,48,3,46,20,9,14,1,30,27,26,10]',0),(59,0,50,0,1,'[26,46,42,41,5,27,12,32,43,48,4,10,2,6,28,3,39,15,17,22,44,25,30,45,20,24,31,18,0,19,49,8,29,51,23,14,37,40,16,7,36,35,21,34,13,9,1,11,38,47,33,50]',1),(60,0,75,0,1,'[33,26,5,8,46,37,19,42,4,10,1,29,20,17,48,22,47,34,31,7,43,28,3,24,36,44,45,2,27,6,16,41,15,0,39,9,32,40,11,23,30,49,13,21,12,51,14,50,18,38,35,25]',0),(61,0,15,1,4,'[9,47,25,44,5,17,18,11,27,14,37,15,20,23,12,42,32,6,40,1,41,35,30,10,0,38,16,36,24,2,48,4,39,22,43,31,46,34,51,13,29,8,50,19,28,33,7,49,45,26,3,21]',2),(62,0,20,28,1,'[2,44,34,46,39,36,49,25,15,11,28,14,29,5,37,23,43,18,27,16,41,51,33,32,19,6,10,40,3,35,48,17,45,8,21,26,13,24,50,9,22,31,1,12,7,4,42,38,47,0,20,30]',0),(63,0,20,3,1,'[11,36,30,28,13,41,17,49,38,3,20,51,8,26,23,43,9,16,10,25,19,34,15,29,31,14,27,47,21,46,4,48,35,5,44,32,45,6,50,24,42,33,1,0,40,39,2,18,7,22,12,37]',0),(64,0,20,2,4,'[44,19,45,29,18,25,12,47,14,51,46,50,22,37,49,7,5,3,15,48,1,28,43,26,8,33,23,2,6,13,40,41,27,16,9,21,10,35,17,42,32,31,30,34,20,11,4,36,24,0,38,39]',0),(65,0,15,0,1,'[15,51,50,4,6,49,38,46,41,20,11,28,45,24,47,10,5,30,19,37,13,22,2,40,42,36,44,23,8,12,3,16,25,18,33,39,35,7,27,1,9,26,32,43,0,21,14,34,31,29,48,17]',1),(66,0,15,0,1,'[49,14,31,38,22,32,41,50,1,18,9,30,13,3,5,17,10,2,48,7,25,45,15,46,44,43,39,47,16,11,28,12,37,33,35,20,8,6,0,19,42,51,36,29,21,4,24,34,26,40,27,23]',0),(67,0,20,2,4,'[28,38,15,14,16,31,27,18,46,29,2,1,3,40,0,26,8,37,17,49,10,4,11,35,32,34,42,39,25,13,20,36,41,50,21,12,30,48,43,47,6,19,9,45,7,5,44,23,24,33,51,22]',1),(68,0,20,0,4,'[21,0,29,12,16,36,42,14,49,33,15,28,7,1,25,19,41,39,18,50,32,38,40,5,10,46,9,17,11,2,6,44,4,37,48,31,35,27,26,45,34,23,3,8,13,22,47,20,30,24,43,51]',0),(69,0,520,4,4,'[27,46,51,45,15,16,38,23,8,42,9,0,22,29,2,35,20,10,11,47,14,39,34,26,17,19,1,7,50,3,40,41,24,4,12,25,33,21,5,44,13,49,36,31,28,43,18,6,30,32,48,37]',1),(70,0,0,2,NULL,NULL,NULL),(71,0,80,2,4,'[3,45,42,14,12,48,2,47,34,18,7,36,49,50,17,6,21,39,44,16,20,33,5,1,10,27,43,37,51,40,35,46,25,41,11,9,38,26,32,30,28,8,15,0,29,22,13,19,31,24,23,4]',1),(72,0,120,0,3,'[50,37,12,4,32,11,29,45,47,27,17,31,21,9,24,39,0,33,41,46,16,35,6,23,2,7,40,36,30,25,34,42,1,14,8,18,38,43,51,20,15,28,48,22,5,49,3,44,26,19,13,10]',0),(73,0,80,0,3,'[15,7,45,30,32,25,18,35,46,0,19,22,5,2,43,8,4,49,40,24,9,16,33,1,11,34,39,48,13,10,6,31,28,23,42,41,17,51,27,20,12,3,47,14,29,50,44,36,26,37,38,21]',1),(74,0,260,2,4,'[26,35,9,49,34,25,41,5,8,38,10,51,28,40,37,36,23,15,39,13,32,20,30,19,21,7,24,45,31,47,1,14,46,42,44,17,12,2,50,0,43,27,4,22,11,29,18,3,16,33,6,48]',0),(75,0,300,2,4,'[10,1,7,4,20,40,49,35,39,28,51,37,6,13,31,23,27,41,32,2,15,11,48,26,42,14,8,21,30,9,0,44,43,17,45,16,38,24,19,12,34,50,33,29,3,18,46,36,22,25,47,5]',1),(76,0,60,1,3,'[38,1,8,13,25,19,31,5,24,12,20,18,27,29,0,4,3,35,47,30,22,49,7,34,37,41,11,26,50,23,16,28,36,10,44,43,46,32,21,9,17,42,51,39,15,48,40,6,14,33,45,2]',1),(77,0,30,4,2,'[36,1,5,0,34,44,9,41,30,26,31,6,50,15,4,32,21,14,18,7,2,27,45,25,51,35,24,39,40,47,19,37,38,13,48,16,33,49,46,8,12,20,43,23,10,22,42,17,29,11,3,28]',1),(78,0,35,5,2,'[14,31,38,49,21,36,20,40,19,22,15,18,50,29,17,10,6,34,46,9,35,11,44,25,27,7,48,42,51,45,28,13,32,23,3,37,26,24,2,4,43,1,16,12,8,47,5,41,30,0,33,39]',1),(79,0,30,20,1,'[51,28,43,26,36,22,40,4,48,13,49,10,50,12,18,1,11,0,15,45,3,16,25,21,47,35,14,38,24,32,44,8,39,7,9,30,6,34,17,41,5,23,37,33,20,19,31,27,42,2,29,46]',1),(80,0,30,13,4,'[6,23,39,33,3,21,26,43,1,48,34,0,50,41,10,19,8,25,29,35,22,2,14,30,47,17,5,27,46,40,51,20,16,44,15,31,32,36,13,42,9,7,49,4,11,24,28,37,45,18,38,12]',1),(81,0,85,31,1,'[25,1,11,34,4,29,7,21,12,30,6,49,22,50,5,20,41,36,47,51,26,24,9,35,42,10,17,32,33,39,37,8,40,23,27,46,15,38,31,0,18,13,3,14,43,19,45,48,44,16,28,2]',2),(82,0,20,596,2,'[26,23,43,41,25,14,38,19,36,40,24,8,17,28,31,10,5,42,49,3,39,45,51,6,20,15,16,21,44,48,50,30,34,35,27,0,46,9,1,37,13,2,7,11,47,12,4,29,33,22,32,18]',2),(83,0,15,0,1,'[27,18,8,5,19,23,30,25,44,39,32,48,50,12,40,43,22,51,6,4,36,17,15,29,47,28,37,2,24,14,20,13,10,3,42,31,34,0,1,16,26,49,7,41,9,38,35,11,46,45,33,21]',1),(84,0,45,12,1,'[39,13,32,5,30,34,27,20,44,51,49,45,37,43,48,28,26,47,22,24,6,8,11,25,36,38,3,40,16,23,46,10,18,41,9,12,33,21,35,14,17,2,0,1,42,7,29,31,15,19,4,50]',2),(85,0,15,0,1,'[42,4,6,27,5,25,15,2,39,17,35,24,0,31,29,32,19,21,18,38,33,40,41,50,47,10,20,16,49,13,46,11,1,30,7,44,22,3,14,37,34,9,45,28,36,43,48,12,23,8,26,51]',0),(86,0,15,0,1,'[31,9,33,47,0,22,30,48,12,7,1,5,50,24,16,27,45,43,11,8,32,23,3,49,37,20,29,18,19,15,39,13,51,44,17,35,2,4,10,34,25,26,42,41,38,28,40,36,46,14,21,6]',1),(87,0,15,0,1,'[46,14,39,40,23,37,31,49,9,6,0,24,32,51,47,17,5,42,8,36,21,13,26,2,10,41,25,29,12,22,16,43,1,11,27,48,3,7,20,45,28,4,33,18,35,38,34,15,44,50,30,19]',1),(88,0,15,0,2,'[50,23,33,17,41,7,14,0,45,11,47,5,48,46,3,6,26,15,39,9,34,40,21,19,42,30,8,51,28,35,24,12,10,22,31,25,29,18,32,27,1,4,36,43,44,13,20,38,16,2,37,49]',0),(89,0,15,0,1,'[8,33,1,37,44,38,35,22,40,0,34,49,20,17,25,36,51,42,5,24,50,27,16,32,9,12,10,26,39,2,28,21,6,45,48,41,4,43,29,11,15,47,30,13,31,7,46,14,23,19,18,3]',1),(90,0,15,0,1,'[34,22,24,23,36,2,37,39,10,46,20,33,8,49,48,16,11,30,1,43,15,32,21,19,41,18,28,50,44,4,9,40,51,0,47,3,27,25,5,38,26,29,17,12,31,6,42,13,45,14,35,7]',0),(91,0,20,0,2,'[48,25,26,16,18,44,35,23,22,45,36,39,1,32,12,33,19,15,51,17,10,42,24,21,8,46,3,31,29,11,40,41,34,38,37,20,27,6,30,7,28,0,5,50,47,9,49,13,14,2,4,43]',1),(92,0,20,0,2,'[48,1,33,13,24,44,36,15,29,19,3,41,5,12,38,51,16,22,6,21,30,9,39,28,2,11,14,35,27,32,23,40,49,46,4,8,42,17,47,45,26,10,0,43,34,50,20,37,31,25,7,18]',0),(93,0,120,0,2,'[10,9,51,39,24,50,31,22,49,37,16,45,13,47,7,40,41,32,2,38,17,3,25,12,15,6,36,29,21,19,35,23,26,4,28,33,0,42,14,34,46,20,11,43,18,5,8,27,48,44,30,1]',1),(94,0,20,16,4,'[19,51,8,22,20,31,21,2,47,7,13,3,29,5,17,37,16,0,43,50,45,24,38,4,48,18,9,30,33,11,1,6,27,46,39,32,14,44,10,49,40,23,12,41,15,42,34,28,26,35,36,25]',2),(95,0,480,0,1,'[7,26,14,4,5,3,30,48,32,33,2,46,38,49,28,24,18,6,42,36,50,23,39,44,17,20,47,19,12,25,11,37,13,43,10,9,51,21,16,45,0,15,22,35,27,29,34,8,1,41,31,40]',1),(96,0,385,1,1,'[1,20,29,35,16,46,18,13,21,9,49,24,44,50,23,51,40,45,38,43,39,26,25,28,36,34,42,33,41,8,7,15,48,14,17,4,3,12,19,32,31,6,37,30,2,5,0,10,22,11,27,47]',0),(97,0,0,3,NULL,NULL,NULL),(98,0,985,0,2,'[11,31,51,48,18,24,4,50,17,26,21,1,28,2,29,43,7,0,41,30,20,38,40,25,14,12,34,39,36,3,47,37,32,16,13,15,45,27,8,33,22,5,49,6,44,10,19,9,23,46,42,35]',2),(99,0,145,1,1,'[23,7,43,40,11,5,4,17,19,44,13,18,32,10,36,41,21,30,47,8,9,26,12,48,34,3,49,33,51,2,46,15,14,31,27,29,24,39,50,1,25,0,20,35,6,45,42,16,37,22,28,38]',0),(100,0,85,237,4,'[43,22,49,16,46,45,13,7,31,38,23,30,24,3,26,0,41,44,21,19,35,14,28,11,27,17,25,47,48,5,29,15,20,4,40,51,8,39,18,32,34,12,9,10,2,1,42,33,36,50,37,6]',1),(101,0,165,13,1,'[38,42,48,25,2,44,18,19,50,34,16,0,47,32,14,11,8,41,31,15,1,10,23,29,40,22,43,30,28,49,45,9,26,3,5,21,51,7,12,17,4,39,20,27,24,36,6,37,46,35,13,33]',2),(102,0,15,248,1,'[11,32,21,31,36,12,33,3,49,39,15,2,4,13,38,48,46,24,1,17,26,9,37,16,45,40,42,8,14,50,7,5,35,30,6,28,41,25,23,27,18,0,22,20,44,43,34,10,51,29,47,19]',0),(103,0,325,1,2,'[11,8,7,23,2,42,3,10,4,25,40,5,36,27,50,1,32,45,30,0,17,48,21,29,22,13,15,49,37,19,43,28,12,31,38,35,51,16,14,20,46,47,18,6,26,33,24,44,41,34,9,39]',0),(104,0,4025,0,4,'[6,50,17,20,12,38,32,46,26,0,18,2,22,5,13,39,34,44,51,23,25,9,19,11,33,37,10,36,24,1,8,43,15,48,21,42,35,41,45,27,28,14,47,16,40,49,29,3,4,30,31,7]',0),(105,0,6125,3,2,'[3,30,11,27,2,1,38,14,26,46,4,43,15,50,21,40,32,7,8,51,39,5,19,17,6,47,49,9,20,48,29,16,42,37,22,44,36,13,45,35,0,25,18,33,23,31,10,28,12,24,34,41]',0),(106,0,15,0,1,'[35,40,50,31,33,41,10,48,22,25,1,23,19,44,11,5,12,49,43,26,45,47,3,20,46,39,18,30,32,16,15,34,9,38,4,42,8,14,27,29,7,17,0,36,2,13,24,6,37,28,21,51]',0),(107,0,15,48,1,'[33,32,27,45,8,14,3,41,50,35,26,4,28,29,49,40,30,6,1,25,7,38,24,11,0,51,44,2,47,37,22,10,18,42,17,46,43,19,48,13,16,21,9,12,5,15,23,31,34,39,36,20]',1),(108,0,15,0,1,'[21,7,25,11,10,44,50,26,19,0,33,13,38,30,23,31,41,39,37,45,22,16,18,47,4,6,1,32,20,42,24,35,29,27,46,3,34,40,43,17,36,15,9,28,49,14,5,8,48,51,12,2]',0),(109,0,25,29,4,'[32,44,13,15,21,7,51,27,35,34,16,40,49,25,22,45,31,33,9,6,14,5,38,0,24,20,18,17,48,1,43,2,39,4,26,46,37,11,41,28,42,47,50,10,8,23,19,12,3,30,29,36]',0),(110,0,15,0,1,'[50,3,29,23,12,16,33,41,8,0,47,46,1,25,43,21,35,9,31,34,28,5,17,36,2,27,45,20,4,11,15,6,13,32,44,40,7,26,30,49,14,24,37,19,48,39,10,18,51,22,42,38]',0),(111,0,25,2,1,'[2,4,51,34,36,41,47,14,31,43,44,35,50,28,10,46,25,12,26,49,40,30,23,17,21,24,18,13,3,20,16,22,32,8,6,5,9,0,39,1,15,7,29,11,37,42,19,33,45,27,38,48]',1),(112,0,15,0,1,'[50,23,21,40,7,41,5,13,8,0,10,29,31,49,16,4,45,35,33,11,25,22,27,28,42,39,26,38,44,2,48,34,24,51,12,1,19,3,9,47,32,6,46,36,14,20,30,43,37,15,17,18]',0),(113,0,225,0,2,'[14,17,9,4,34,28,23,42,50,8,11,22,43,10,0,35,18,2,19,49,48,12,16,6,32,47,3,13,38,24,15,21,45,36,41,39,51,44,7,30,46,29,37,33,27,1,20,25,31,5,40,26]',1),(114,0,225,1,3,'[35,39,40,19,47,26,44,31,36,34,14,8,29,5,6,23,2,17,27,33,16,42,7,3,4,38,49,32,11,10,30,43,20,18,50,15,45,9,37,0,13,41,1,22,48,24,51,46,12,25,28,21]',1),(115,0,25,0,2,'[4,20,6,42,24,48,15,43,25,30,50,18,19,22,49,10,41,47,1,21,28,23,0,38,35,37,11,34,33,29,9,51,16,8,12,31,26,17,46,39,5,14,36,2,32,13,45,44,40,3,7,27]',1),(116,0,225,0,3,'[36,8,6,9,30,42,22,39,19,33,25,31,16,14,0,40,21,3,20,27,26,38,45,37,7,18,29,34,41,17,15,4,50,2,28,23,48,1,13,47,35,44,5,24,43,51,12,49,10,11,46,32]',0),(117,0,225,1,3,'[10,4,45,41,32,31,28,1,44,34,49,7,18,51,29,43,20,30,24,36,26,19,6,46,16,21,3,40,14,8,11,27,38,17,47,13,37,2,12,23,15,48,42,39,35,0,33,22,9,50,5,25]',0),(118,0,15,0,1,'[42,1,20,2,51,30,27,39,9,34,6,47,22,18,23,8,13,0,14,38,12,11,32,31,37,19,16,21,3,17,48,15,50,7,35,33,41,29,4,40,43,5,24,28,49,36,44,25,10,45,26,46]',0),(119,0,25,1,2,'[25,38,26,10,41,1,5,48,15,29,47,46,40,18,31,11,20,30,12,49,45,6,50,39,14,32,8,7,21,24,16,2,28,9,51,0,13,17,37,36,42,44,27,23,43,4,3,22,35,34,19,33]',0),(120,0,425,0,3,'[44,11,41,31,46,15,8,2,29,25,23,34,43,24,10,1,7,14,16,40,4,12,9,35,38,47,51,5,13,42,48,33,49,17,26,3,28,30,45,19,6,36,0,27,21,18,22,20,37,50,32,39]',0),(121,0,225,0,2,'[23,46,34,14,27,18,35,17,15,6,19,3,2,44,16,30,49,40,50,26,24,43,11,10,47,8,48,21,5,12,45,32,25,22,38,39,37,9,20,1,13,0,42,31,33,41,29,4,7,28,36,51]',1),(122,0,15,0,1,'[32,15,25,13,39,27,35,44,14,41,23,51,22,4,18,45,1,33,29,37,6,11,30,46,10,0,50,31,17,21,40,36,43,26,42,3,12,28,19,9,5,38,20,49,24,16,2,48,34,7,47,8]',0),(123,0,25,0,2,'[32,40,42,44,37,49,23,21,33,19,24,26,31,12,0,41,34,28,11,2,20,29,43,38,30,4,5,6,47,1,46,51,48,35,14,17,22,39,8,27,18,50,16,9,7,13,45,25,36,15,10,3]',1),(124,0,25,0,3,'[14,13,5,25,2,27,30,24,32,45,43,31,22,1,44,39,38,11,21,33,8,28,19,50,42,34,46,10,49,7,23,12,9,48,29,0,51,26,36,41,16,35,4,37,47,40,17,6,18,15,3,20]',0),(125,0,25,0,2,'[0,8,10,5,47,27,38,20,33,44,1,35,32,51,28,9,24,29,26,34,17,45,21,40,19,39,42,43,25,31,13,11,48,23,50,30,6,16,36,2,37,12,4,7,3,41,15,46,49,18,14,22]',1),(126,0,15,0,1,'[36,3,39,31,41,4,8,14,29,17,22,45,2,42,23,47,16,49,33,30,38,43,0,7,24,12,21,44,35,18,46,27,15,34,26,37,25,20,9,40,48,32,51,6,1,5,11,28,13,10,19,50]',0),(127,0,35,0,2,'[19,46,23,51,31,37,3,29,50,1,21,43,28,26,4,7,16,18,49,5,42,44,17,30,11,41,12,15,22,32,6,9,48,20,2,33,24,10,38,27,47,39,40,8,34,0,25,13,14,45,36,35]',1),(128,0,45,0,4,'[19,26,7,42,30,27,41,32,50,16,0,47,5,24,11,29,34,13,48,33,36,2,39,35,46,4,25,44,49,31,43,9,3,18,45,20,21,6,1,17,12,38,40,15,8,28,22,37,14,10,51,23]',2),(129,0,65,0,3,'[5,16,25,6,30,10,0,4,9,46,37,2,35,7,8,36,38,32,20,13,43,41,40,14,42,49,48,44,15,18,11,31,27,28,51,23,34,45,1,26,39,50,12,3,24,33,47,21,17,29,19,22]',0),(130,0,25,0,2,'[38,27,30,25,8,47,20,2,39,49,23,46,9,29,44,18,19,0,5,35,3,12,17,4,36,50,33,41,31,21,51,40,14,22,24,28,6,7,26,42,37,34,45,43,16,13,15,48,10,1,32,11]',1),(131,0,85,1,3,'[39,14,25,2,10,26,31,8,45,23,7,35,32,24,12,27,50,41,6,21,16,22,48,15,33,30,36,13,19,11,44,47,0,18,4,43,20,9,49,42,28,38,5,3,37,1,51,29,17,40,46,34]',0),(132,0,45,0,2,'[49,43,9,20,27,10,11,47,3,41,24,33,31,40,1,39,38,22,51,21,48,13,44,26,18,25,35,12,46,34,23,42,5,37,17,30,8,2,36,4,45,50,29,16,15,19,6,7,14,32,28,0]',0),(133,0,35,2,1,'[27,28,19,24,11,23,48,49,8,40,22,12,3,0,2,16,7,41,45,20,6,4,46,1,15,21,30,47,31,17,35,5,10,36,39,29,42,44,9,37,25,50,51,13,43,18,34,33,14,26,38,32]',1),(134,0,45,2,4,'[14,28,6,27,12,8,49,41,50,37,34,46,7,45,4,36,0,24,35,20,42,10,15,38,19,30,33,13,26,17,44,22,2,48,23,29,51,31,40,25,11,47,39,9,21,32,1,5,18,3,16,43]',0),(135,0,0,2,NULL,'[46,23,9,42,10,31,35,14,38,48,19,50,0,44,40,22,27,28,16,15,1,26,37,25,21,51,20,49,12,13,47,6,18,3,24,2,32,8,34,45,29,36,11,5,43,4,17,39,41,30,7,33]',NULL),(136,0,0,2,NULL,'[33,41,46,32,21,42,48,26,1,11,16,36,23,2,29,27,30,6,24,39,20,43,13,38,45,5,18,22,50,9,49,14,12,25,4,35,19,8,0,51,47,31,7,44,37,15,28,40,17,10,34,3]',NULL),(137,0,45,2,4,'[51,1,15,7,24,48,22,50,46,23,32,39,21,12,25,27,5,38,14,45,2,0,13,19,8,11,42,17,29,28,31,26,43,30,36,37,20,4,3,9,18,49,6,40,33,44,41,34,10,47,16,35]',1),(138,0,85,0,3,'[40,45,22,46,47,41,16,8,10,37,0,4,38,35,11,33,34,39,49,30,19,26,43,31,36,9,17,13,14,51,18,24,50,29,2,21,6,42,25,5,32,48,27,12,23,28,1,44,7,20,15,3]',0),(139,0,25,1,2,'[49,26,37,36,31,35,23,3,9,2,42,45,22,1,33,6,8,46,11,27,51,10,14,16,7,21,0,38,5,48,25,13,29,28,43,20,24,30,18,4,17,44,41,39,32,15,34,12,40,19,47,50]',0),(140,0,25,2,4,'[35,19,22,38,2,15,10,9,14,3,20,28,31,36,5,43,1,51,46,41,45,12,29,16,25,11,7,24,23,50,27,0,48,21,30,32,8,17,6,40,13,37,47,39,34,44,33,4,18,49,26,42]',0),(141,0,55,2,2,'[32,31,0,35,22,21,12,25,16,19,40,47,2,37,13,42,8,29,34,39,50,7,38,26,30,18,14,4,1,41,11,44,24,48,10,3,46,17,36,33,5,45,28,23,20,49,51,6,27,15,9,43]',1),(142,0,25,0,4,'[29,1,26,47,35,28,13,36,8,24,19,11,5,18,3,44,17,34,14,20,9,23,40,15,27,46,16,50,7,6,42,0,32,38,39,37,48,43,49,31,51,21,45,25,12,30,4,41,2,33,22,10]',1),(143,0,15,0,1,'[7,46,47,43,15,21,27,17,13,14,9,35,30,33,12,20,29,48,22,42,3,45,1,24,44,31,25,10,18,37,6,34,49,19,28,38,41,26,2,0,16,8,5,39,40,36,23,50,11,51,32,4]',0),(144,0,25,1,3,'[40,43,28,29,26,44,9,7,4,14,27,30,12,34,33,25,36,47,49,31,8,50,35,46,0,37,51,11,15,13,45,20,19,2,10,3,39,5,18,6,23,21,38,41,17,16,32,1,22,48,42,24]',1),(145,0,25,1,3,'[33,9,0,46,3,26,12,30,11,6,49,10,51,37,2,29,50,36,4,31,5,18,17,14,16,8,44,41,7,15,28,40,48,13,47,20,35,45,27,21,38,24,34,1,39,23,25,42,22,19,43,32]',0),(146,0,25,0,2,'[46,41,7,51,0,3,27,24,22,10,48,49,32,39,17,42,13,16,11,14,1,26,6,37,9,40,50,21,19,18,36,30,2,20,45,5,47,8,44,33,38,43,28,23,15,35,34,31,12,4,29,25]',0),(147,0,25,1,3,'[10,2,43,12,26,1,38,24,6,21,36,37,31,0,22,25,13,19,15,32,7,44,50,17,39,23,42,35,51,49,11,30,16,4,33,29,40,45,46,48,8,14,47,20,5,34,9,27,28,18,41,3]',0),(148,0,25,2,4,'[19,24,32,43,42,18,9,3,5,12,36,2,27,30,46,20,29,38,25,40,22,39,34,31,16,49,14,15,4,11,45,21,41,0,50,10,33,51,47,35,1,23,26,37,17,13,48,7,44,28,6,8]',0),(149,0,25,1,4,'[50,17,9,37,2,18,13,33,49,47,3,36,5,4,16,44,26,41,20,1,19,29,51,43,34,15,10,8,11,14,42,40,6,45,22,46,28,30,23,0,38,39,25,35,21,48,32,7,24,12,31,27]',0),(150,0,25,1,2,'[51,32,5,4,9,17,11,7,12,0,50,35,34,43,14,8,47,15,36,6,49,39,29,27,2,30,33,26,28,1,18,3,20,41,22,16,21,44,37,13,42,23,31,10,19,25,46,40,48,38,45,24]',1),(151,0,25,0,4,'[45,21,36,35,8,1,44,4,12,46,49,40,24,16,19,37,33,2,10,29,25,50,15,14,20,48,9,51,5,34,32,47,11,31,6,30,39,22,17,3,27,23,13,41,42,0,43,28,26,18,7,38]',1),(152,0,25,2,4,'[19,10,43,18,20,41,8,40,16,34,6,38,32,14,46,47,29,26,2,35,49,51,7,5,50,39,17,0,11,4,33,48,23,3,36,30,42,25,27,22,9,24,12,1,28,37,13,31,21,45,15,44]',0),(153,0,25,2,4,'[4,44,12,16,10,39,42,17,6,32,18,25,36,27,40,8,49,34,0,5,46,30,28,33,21,13,35,45,15,29,7,47,24,26,23,38,9,48,41,31,50,20,3,51,1,2,19,22,14,43,37,11]',1),(154,1,25,1,3,'[4,25,34,1,33,8,10,40,18,48,42,46,14,49,30,37,16,35,32,23,29,45,7,47,20,41,26,44,43,11,22,19,2,9,6,28,12,3,31,5,24,51,13,39,15,50,27,38,0,17,21,36]',1);
/*!40000 ALTER TABLE `blee_texas_holdem_entity_game` ENABLE KEYS */;
UNLOCK TABLES;

--
-- Table structure for table `blee_texas_holdem_entity_users`
--

DROP TABLE IF EXISTS `blee_texas_holdem_entity_users`;
/*!40101 SET @saved_cs_client     = @@character_set_client */;
/*!40101 SET character_set_client = utf8 */;
CREATE TABLE `blee_texas_holdem_entity_users` (
  `user_id` int(10) NOT NULL AUTO_INCREMENT,
  `user_name` varchar(50) DEFAULT NULL,
  `password` varchar(255) DEFAULT NULL,
  `balance` int(10) DEFAULT NULL,
  `status` int(10) DEFAULT NULL,
  `last_activity` timestamp NOT NULL DEFAULT current_timestamp() ON UPDATE current_timestamp(),
  PRIMARY KEY (`user_id`),
  KEY `status` (`status`),
  CONSTRAINT `blee_texas_holdem_entity_users_ibfk_1` FOREIGN KEY (`status`) REFERENCES `blee_texas_holdem_enum_user_status` (`enum_user_status`),
  CONSTRAINT `blee_texas_holdem_entity_users_ibfk_2` FOREIGN KEY (`status`) REFERENCES `blee_texas_holdem_enum_user_status` (`enum_user_status`),
  CONSTRAINT `blee_texas_holdem_entity_users_ibfk_3` FOREIGN KEY (`status`) REFERENCES `blee_texas_holdem_enum_user_status` (`enum_user_status`)
) ENGINE=InnoDB AUTO_INCREMENT=5 DEFAULT CHARSET=utf8mb4;
/*!40101 SET character_set_client = @saved_cs_client */;

--
-- Dumping data for table `blee_texas_holdem_entity_users`
--

LOCK TABLES `blee_texas_holdem_entity_users` WRITE;
/*!40000 ALTER TABLE `blee_texas_holdem_entity_users` DISABLE KEYS */;
INSERT INTO `blee_texas_holdem_entity_users` VALUES (1,'abcdefg','$2y$10$l85uIvfxaHz8nDPz9PtZieP6Z0rx.E9rWKabDZ5m8/aZBfGrAf5/K',2470,3,'2019-12-09 10:10:29'),(2,'abc111','$2y$10$T0KlFNBmQT1ePcx4Iu50cOPKb6RzwB7/SPaM1Lqiz8zvrA.FrvsVa',10000,NULL,'2019-12-06 07:07:50'),(3,'lee1234','$2y$10$ikHLTgioetpPJNqGHzbvm.hZRW7h1NDLlSwbCRMJXBzt34CG1roj.',3410,3,'2019-12-09 10:10:33'),(4,'blee12','$2y$10$Gd24MwlcFDTowAa2efxGKe/ENtGSjobDXJygc4NW8dL2E6fx3.rme',9265,0,'2019-12-06 20:30:59');
/*!40000 ALTER TABLE `blee_texas_holdem_entity_users` ENABLE KEYS */;
UNLOCK TABLES;

--
-- Table structure for table `blee_texas_holdem_enum_game_status`
--

DROP TABLE IF EXISTS `blee_texas_holdem_enum_game_status`;
/*!40101 SET @saved_cs_client     = @@character_set_client */;
/*!40101 SET character_set_client = utf8 */;
CREATE TABLE `blee_texas_holdem_enum_game_status` (
  `enum_game_sttus` int(10) NOT NULL,
  `game_status` varchar(50) DEFAULT NULL,
  PRIMARY KEY (`enum_game_sttus`)
) ENGINE=InnoDB DEFAULT CHARSET=utf8mb4;
/*!40101 SET character_set_client = @saved_cs_client */;

--
-- Dumping data for table `blee_texas_holdem_enum_game_status`
--

LOCK TABLES `blee_texas_holdem_enum_game_status` WRITE;
/*!40000 ALTER TABLE `blee_texas_holdem_enum_game_status` DISABLE KEYS */;
INSERT INTO `blee_texas_holdem_enum_game_status` VALUES (0,'Ended'),(1,'playing'),(2,'etc');
/*!40000 ALTER TABLE `blee_texas_holdem_enum_game_status` ENABLE KEYS */;
UNLOCK TABLES;

--
-- Table structure for table `blee_texas_holdem_enum_player_status`
--

DROP TABLE IF EXISTS `blee_texas_holdem_enum_player_status`;
/*!40101 SET @saved_cs_client     = @@character_set_client */;
/*!40101 SET character_set_client = utf8 */;
CREATE TABLE `blee_texas_holdem_enum_player_status` (
  `enum_player_status` int(10) NOT NULL,
  `player_status` varchar(50) DEFAULT NULL,
  PRIMARY KEY (`enum_player_status`)
) ENGINE=InnoDB DEFAULT CHARSET=utf8mb4;
/*!40101 SET character_set_client = @saved_cs_client */;

--
-- Dumping data for table `blee_texas_holdem_enum_player_status`
--

LOCK TABLES `blee_texas_holdem_enum_player_status` WRITE;
/*!40000 ALTER TABLE `blee_texas_holdem_enum_player_status` DISABLE KEYS */;
INSERT INTO `blee_texas_holdem_enum_player_status` VALUES (0,'Inactive'),(1,'Active');
/*!40000 ALTER TABLE `blee_texas_holdem_enum_player_status` ENABLE KEYS */;
UNLOCK TABLES;

--
-- Table structure for table `blee_texas_holdem_enum_user_status`
--

DROP TABLE IF EXISTS `blee_texas_holdem_enum_user_status`;
/*!40101 SET @saved_cs_client     = @@character_set_client */;
/*!40101 SET character_set_client = utf8 */;
CREATE TABLE `blee_texas_holdem_enum_user_status` (
  `enum_user_status` int(10) NOT NULL,
  `user_status` varchar(50) DEFAULT NULL,
  PRIMARY KEY (`enum_user_status`)
) ENGINE=InnoDB DEFAULT CHARSET=utf8mb4;
/*!40101 SET character_set_client = @saved_cs_client */;

--
-- Dumping data for table `blee_texas_holdem_enum_user_status`
--

LOCK TABLES `blee_texas_holdem_enum_user_status` WRITE;
/*!40000 ALTER TABLE `blee_texas_holdem_enum_user_status` DISABLE KEYS */;
INSERT INTO `blee_texas_holdem_enum_user_status` VALUES (0,'Not Logged-in'),(1,'Logged-in'),(2,'Waiting'),(3,'Playing');
/*!40000 ALTER TABLE `blee_texas_holdem_enum_user_status` ENABLE KEYS */;
UNLOCK TABLES;

--
-- Table structure for table `blee_texas_holdem_xref_play_game`
--

DROP TABLE IF EXISTS `blee_texas_holdem_xref_play_game`;
/*!40101 SET @saved_cs_client     = @@character_set_client */;
/*!40101 SET character_set_client = utf8 */;
CREATE TABLE `blee_texas_holdem_xref_play_game` (
  `play_game_num` int(10) NOT NULL AUTO_INCREMENT,
  `game_id` int(10) DEFAULT NULL,
  `user_id` int(10) DEFAULT NULL,
  `p_id` int(10) DEFAULT NULL,
  `in_pot_balance` int(10) DEFAULT NULL,
  `active_status` int(10) DEFAULT NULL,
  `p_cards` varchar(500) DEFAULT NULL,
  PRIMARY KEY (`play_game_num`),
  KEY `game_id` (`game_id`),
  KEY `user_id` (`user_id`),
  KEY `active_status` (`active_status`),
  CONSTRAINT `blee_texas_holdem_xref_play_game_ibfk_1` FOREIGN KEY (`game_id`) REFERENCES `blee_texas_holdem_entity_game` (`game_id`),
  CONSTRAINT `blee_texas_holdem_xref_play_game_ibfk_2` FOREIGN KEY (`user_id`) REFERENCES `blee_texas_holdem_entity_users` (`user_id`),
  CONSTRAINT `blee_texas_holdem_xref_play_game_ibfk_3` FOREIGN KEY (`active_status`) REFERENCES `blee_texas_holdem_enum_player_status` (`enum_player_status`),
  CONSTRAINT `blee_texas_holdem_xref_play_game_ibfk_4` FOREIGN KEY (`game_id`) REFERENCES `blee_texas_holdem_entity_game` (`game_id`),
  CONSTRAINT `blee_texas_holdem_xref_play_game_ibfk_5` FOREIGN KEY (`user_id`) REFERENCES `blee_texas_holdem_entity_users` (`user_id`),
  CONSTRAINT `blee_texas_holdem_xref_play_game_ibfk_6` FOREIGN KEY (`active_status`) REFERENCES `blee_texas_holdem_enum_player_status` (`enum_player_status`),
  CONSTRAINT `blee_texas_holdem_xref_play_game_ibfk_7` FOREIGN KEY (`game_id`) REFERENCES `blee_texas_holdem_entity_game` (`game_id`),
  CONSTRAINT `blee_texas_holdem_xref_play_game_ibfk_8` FOREIGN KEY (`user_id`) REFERENCES `blee_texas_holdem_entity_users` (`user_id`),
  CONSTRAINT `blee_texas_holdem_xref_play_game_ibfk_9` FOREIGN KEY (`active_status`) REFERENCES `blee_texas_holdem_enum_player_status` (`enum_player_status`)
) ENGINE=InnoDB AUTO_INCREMENT=334 DEFAULT CHARSET=utf8mb4;
/*!40101 SET character_set_client = @saved_cs_client */;

--
-- Dumping data for table `blee_texas_holdem_xref_play_game`
--

LOCK TABLES `blee_texas_holdem_xref_play_game` WRITE;
/*!40000 ALTER TABLE `blee_texas_holdem_xref_play_game` DISABLE KEYS */;
INSERT INTO `blee_texas_holdem_xref_play_game` VALUES (1,1,1,0,0,1,NULL),(2,1,3,1,0,1,NULL),(3,2,1,0,0,1,NULL),(4,2,3,1,0,1,NULL),(5,3,1,0,0,1,NULL),(6,3,3,1,0,1,NULL),(7,4,1,0,0,1,NULL),(8,4,3,1,0,1,NULL),(9,5,1,0,0,1,NULL),(10,5,3,1,0,1,NULL),(11,11,1,0,0,1,NULL),(12,11,3,1,0,1,NULL),(13,4,1,0,0,1,NULL),(14,4,3,1,0,1,NULL),(15,14,1,0,0,1,NULL),(16,14,3,1,0,1,NULL),(17,15,1,0,0,1,NULL),(18,15,3,1,0,1,NULL),(19,16,1,0,35,1,'[51,30]'),(20,16,3,1,70,1,'[41,7]'),(48,17,1,0,0,1,NULL),(49,17,3,1,0,1,NULL),(50,18,1,0,5,1,'[null,null]'),(51,18,3,1,10,1,'[null,null]'),(52,19,1,0,30,1,'[27,14]'),(53,19,3,1,15,1,'[13,42]'),(54,20,1,0,5,1,'[null,null]'),(55,20,3,1,10,1,'[null,null]'),(56,21,1,0,0,1,NULL),(57,21,3,1,0,1,NULL),(58,22,1,0,5,1,'[null,null]'),(59,22,3,1,10,1,'[null,null]'),(60,23,3,0,0,1,NULL),(61,23,1,1,0,1,NULL),(62,24,3,0,5,1,'[null,null]'),(63,24,1,1,10,1,'[null,null]'),(64,25,3,0,20,1,'[39,11]'),(65,25,1,1,10,1,'[8,37]'),(66,26,3,0,60,1,'[47,20]'),(67,26,1,1,120,1,'[38,32]'),(68,27,3,0,10,1,'[null,null]'),(69,27,1,1,5,1,'[null,null]'),(70,28,1,0,10,1,'[50,4]'),(71,28,3,1,20,1,'[19,49]'),(72,29,3,0,10,1,'[null,null]'),(73,29,1,1,5,1,'[null,null]'),(74,30,3,0,5,1,'[13,44]'),(75,30,1,1,10,1,'[50,36]'),(76,31,1,0,20,1,'[50,10]'),(77,31,3,1,10,1,'[41,9]'),(78,32,3,0,5,1,'[38,18]'),(79,32,1,1,10,1,'[23,45]'),(80,33,3,0,30,1,'[48,50]'),(81,33,1,1,15,1,'[5,15]'),(82,34,3,0,5,1,'[10,20]'),(83,34,1,1,10,1,'[34,45]'),(84,35,3,0,10,1,'[48,0]'),(85,35,1,1,5,1,'[38,26]'),(86,36,3,0,20,1,'null'),(87,36,1,1,20,1,'null'),(88,37,3,0,20,1,'[46,5,22,10,43,22,10]'),(89,37,1,1,15,1,'[19,3,22,10,43,22,10]'),(90,38,3,0,5,1,'[3,0,23,21,24,23,21]'),(91,38,1,1,10,1,'[2,16,23,21,24,23,21]'),(92,39,3,0,10,1,'[8,23,3,9,37,3,9]'),(93,39,1,1,5,1,'[20,12,3,9,37,3,9]'),(94,40,3,0,10,1,'[2,40,24,9,6,24,9]'),(95,40,1,1,10,1,'[27,30,24,9,6,24,9]'),(96,41,3,0,10,1,'[35,49,33,1,18,33,1]'),(97,41,1,1,5,1,'[9,14,33,1,18,33,1]'),(98,42,3,0,10,1,'[45,38,9,27,17]'),(99,42,1,1,10,1,'[36,46,9,27,17]'),(100,43,3,0,10,1,'[51,41,14,33,28,14,33]'),(101,43,1,1,5,1,'[15,17,14,33,28,14,33]'),(102,44,3,0,10,1,'[30,40,43,20,11,43,20]'),(103,44,1,1,10,1,'[48,34,43,20,11,43,20]'),(104,45,3,0,10,1,'[32,25,3,13,6,3,13]'),(105,45,1,1,5,1,'[14,35,3,13,6,3,13]'),(106,46,1,0,0,1,NULL),(107,46,3,1,0,1,NULL),(108,47,1,0,10,1,'[7,18,46,50,38,46,50]'),(109,47,3,1,10,1,'[34,51,46,50,38,46,50]'),(110,48,1,0,0,1,NULL),(111,48,3,1,0,1,NULL),(112,49,3,0,10,1,'[21,23]'),(113,49,1,1,5,1,'[15,6]'),(114,50,3,0,0,1,NULL),(115,50,1,1,0,1,NULL),(116,51,3,0,10,1,'[38,16,22,13,7]'),(117,51,1,1,10,1,'[51,36,22,13,7]'),(118,52,3,0,5,1,'[51,44]'),(119,52,1,1,10,1,'[35,33]'),(120,53,3,0,10,1,'[4,18]'),(121,53,1,1,10,1,'[32,39]'),(122,54,3,0,5,1,'[2,31]'),(123,54,1,1,10,1,'[37,43]'),(124,55,1,0,10,1,'[41,45]'),(125,55,3,1,10,1,'[2,13]'),(126,56,3,0,10,1,'[9,3]'),(127,56,1,1,10,1,'[34,18]'),(128,57,3,0,10,1,'[43,23,14,20,32]'),(129,57,1,1,10,1,'[7,50,14,20,32]'),(130,58,1,0,5,1,'[32,0,2,39,38,2,39]'),(131,58,3,1,10,1,'[45,36,2,39,38,2,39]'),(132,59,3,0,30,1,'[46,41]'),(133,59,1,1,20,1,'[26,42]'),(134,60,3,0,25,1,'[33,5]'),(135,60,1,1,50,1,'[26,8]'),(136,61,3,0,10,1,'[47,44,17,18,11,17,18]'),(137,61,1,1,5,1,'[9,25,17,18,11,17,18]'),(138,62,3,0,10,1,'[2,34]'),(139,62,1,1,10,1,'[44,46]'),(140,63,3,0,10,1,'[36,28]'),(141,63,1,1,10,1,'[11,30]'),(142,64,3,0,10,1,'[44,45,25,12,47,25,12]'),(143,64,1,1,10,1,'[19,29,25,12,47,25,12]'),(144,65,1,0,10,1,'[51,4]'),(145,65,3,1,5,1,'[15,50]'),(146,66,3,0,5,1,'[49,31]'),(147,66,1,1,10,1,'[14,38]'),(148,67,3,0,10,1,'[38,14,31,27,18,31,27]'),(149,67,1,1,10,1,'[28,15,31,27,18,31,27]'),(150,68,1,0,10,1,'[21,29,36,42,14,36,42]'),(151,68,3,1,10,1,'[0,12,36,42,14,36,42]'),(152,69,1,0,210,1,'[46,45,16,38,23,16,38]'),(153,69,3,1,310,1,'[27,51,16,38,23,16,38]'),(154,70,1,0,0,1,NULL),(155,70,3,1,0,1,NULL),(156,71,1,0,30,1,'[45,14,48,2,47,48,2]'),(157,71,3,1,50,1,'[3,42,48,2,47,48,2]'),(158,72,1,0,70,1,'[50,12,11,29,45,11,29]'),(159,72,3,1,50,1,'[37,4,11,29,45,11,29]'),(160,73,3,0,30,1,'[7,30,25,18,35,25,18]'),(161,73,1,1,50,1,'[15,45,25,18,35,25,18]'),(162,74,3,0,130,1,'[26,9,25,41,5,25,41]'),(163,74,1,1,130,1,'[35,49,25,41,5,25,41]'),(164,75,1,0,150,1,'[1,4,40,49,35,40,49]'),(165,75,3,1,150,1,'[10,7,40,49,35,40,49]'),(166,76,1,0,40,1,'[38,8,19,31,5,19,31]'),(167,76,3,1,20,1,'[1,13,19,31,5,19,31]'),(168,77,1,0,10,1,'[1,0,44,9,41]'),(169,77,3,1,5,0,'[36,5,44,9,41]'),(170,78,1,0,0,0,'[14,38,36,20,40]'),(171,78,3,1,0,0,'[31,49,36,20,40]'),(172,79,1,0,10,1,'[28,26]'),(173,79,3,1,5,0,'[51,43]'),(174,80,1,0,5,0,'[6,39,21,26,43,21,26]'),(175,80,3,1,10,0,'[23,33,21,26,43,21,26]'),(176,81,1,0,0,0,'[1,34]'),(177,81,3,1,0,0,'[25,11]'),(178,82,3,0,0,0,'[26,43,14,38,19]'),(179,82,1,1,0,0,'[23,41,14,38,19]'),(180,83,4,0,10,1,'[18,5]'),(181,83,1,1,0,1,'[8,19]'),(182,83,3,2,5,1,'[27,8]'),(183,84,1,0,15,1,'[39,32]'),(184,84,3,1,30,1,'[13,5]'),(185,84,4,2,0,0,'[32,30]'),(186,85,1,0,0,1,'[6,5]'),(187,85,4,1,5,1,'[42,6]'),(188,85,3,2,10,1,'[4,27]'),(189,86,1,0,10,1,'[9,47]'),(190,86,3,1,0,1,'[33,0]'),(191,86,4,2,5,1,'[31,33]'),(192,87,3,0,10,1,'[14,40]'),(193,87,4,1,5,1,'[46,39]'),(194,88,3,0,10,1,'[50,33,7,14,0]'),(195,88,4,1,10,1,'[23,17,7,14,0]'),(196,89,3,0,10,1,'[33,37]'),(197,89,1,1,5,1,'[8,1]'),(198,90,3,0,5,1,'[34,24]'),(199,90,1,1,10,1,'[22,23]'),(200,91,3,0,10,1,'[25,16,44,35,23]'),(201,91,1,1,10,1,'[48,26,44,35,23]'),(202,92,4,0,10,1,'[48,33,44,36,15]'),(203,92,3,1,10,1,'[1,13,44,36,15]'),(204,93,4,0,60,1,'[9,39,50,31,22]'),(205,93,1,1,60,1,'[10,51,50,31,22]'),(206,94,3,0,10,1,'[19,8,31,21,2,31,21]'),(207,94,1,1,10,0,'[51,22,31,21,2,31,21]'),(208,95,1,0,0,1,'[4,46]'),(209,95,3,1,0,1,'[38,39]'),(210,95,4,2,0,1,'[51,38]'),(211,96,4,0,75,1,'[1,29]'),(212,96,1,1,150,1,'[20,35]'),(213,96,3,2,160,1,'[29,16]'),(214,97,1,0,0,1,NULL),(215,97,3,1,0,1,NULL),(216,97,4,2,0,1,NULL),(217,98,4,0,0,1,'[31,48,31,48,50]'),(218,98,1,1,0,1,'[51,18,51,18,50]'),(219,98,3,2,0,1,'[11,51,11,51,50]'),(220,99,1,0,80,1,'[7,40]'),(221,99,4,1,65,1,'[23,43]'),(222,100,3,0,50,0,'[43,49,43,49,45,43,49]'),(223,100,1,1,50,1,'[22,16,22,16,45,22,16]'),(224,101,1,0,130,1,'[null,null]'),(225,101,3,1,35,0,'[null,null]'),(226,102,1,0,5,0,'[11,21]'),(227,102,3,1,10,1,'[32,31]'),(228,103,1,0,0,0,'[8,23,8,23,42]'),(229,103,3,1,0,1,'[11,7,11,7,42]'),(230,104,3,0,2015,0,'[6,17,6,17,38,6,17]'),(231,104,1,1,2010,0,'[50,20,50,20,38,50,20]'),(232,105,1,0,0,0,'[30,27,30,27,1]'),(233,105,3,1,0,1,'[3,11,3,11,1]'),(234,106,3,0,0,0,'[35,50]'),(235,106,1,1,0,1,'[40,31]'),(236,107,1,0,10,1,'[32,45]'),(237,107,3,1,5,0,'[33,27]'),(238,108,1,0,5,1,'[21,25]'),(239,108,3,1,10,1,'[7,11]'),(240,109,1,0,10,1,'[44,15,44,15,7,44,15]'),(241,109,3,1,15,0,'[32,13,32,13,7,32,13]'),(242,110,3,0,0,0,'[50,29]'),(243,110,1,1,0,1,'[3,23]'),(244,111,3,0,10,1,'[4,34]'),(245,111,1,1,15,1,'[2,51]'),(246,112,1,0,5,1,'[50,21]'),(247,112,3,1,10,1,'[23,40]'),(248,113,3,0,0,1,'[17,4,17,4,28]'),(249,113,1,1,0,0,'[14,9,14,9,28]'),(250,114,1,0,115,1,'[35,40,35,40,26,35,40]'),(251,114,3,1,110,1,'[39,19,39,19,26,39,19]'),(252,115,1,0,10,1,'[20,42,20,42,48]'),(253,115,3,1,15,1,'[4,6,4,6,48]'),(254,116,1,0,115,1,'[36,6,36,6,42,36,6]'),(255,116,3,1,110,1,'[8,9,8,9,42,8,9]'),(256,117,1,0,0,0,'[4,41,4,41,31,4,41]'),(257,117,3,1,0,1,'[10,45,10,45,31,10,45]'),(258,118,1,0,0,0,'[42,20]'),(259,118,3,1,0,1,'[1,2]'),(260,119,1,0,10,1,'[38,10,38,10,1]'),(261,119,3,1,15,1,'[25,26,25,26,1]'),(262,120,1,0,215,1,'[44,41,44,41,15,44,41]'),(263,120,3,1,210,1,'[11,31,11,31,15,11,31]'),(264,121,3,0,0,1,'[46,14,46,14,18]'),(265,121,1,1,0,0,'[23,34,23,34,18]'),(266,122,1,0,5,1,'[32,25]'),(267,122,3,1,10,1,'[15,13]'),(268,123,1,0,0,1,'[40,44,40,44,49]'),(269,123,3,1,0,0,'[32,42,32,42,49]'),(270,124,3,0,0,0,'[14,5,14,5,27,14,5]'),(271,124,1,1,0,1,'[13,25,13,25,27,13,25]'),(272,125,1,0,0,1,'[8,5,8,5,27]'),(273,125,3,1,0,0,'[0,10,0,10,27]'),(274,126,1,0,0,0,'[36,39]'),(275,126,3,1,0,1,'[3,31]'),(276,127,4,0,20,1,'[23,31,23,31,29]'),(277,127,1,1,5,0,'[19,23,19,23,29]'),(278,127,3,2,10,1,'[46,51,46,51,29]'),(279,128,3,0,10,1,'[26,42,26,42,32,26,42]'),(280,128,1,1,20,1,'[7,30,7,30,32,7,30]'),(281,128,4,2,15,0,'[19,7,19,7,32,19,7]'),(282,129,3,0,0,1,'[16,6,16,6,10,16,6]'),(283,129,1,1,0,0,'[5,25,5,25,10,5,25]'),(284,130,1,0,0,0,'[38,30,38,30,47]'),(285,130,3,1,0,1,'[27,25,27,25,47]'),(286,131,1,0,30,1,'[14,2,14,2,26,14,2]'),(287,131,3,1,55,1,'[39,25,39,25,26,39,25]'),(288,132,3,0,25,1,'[49,9,49,9,10]'),(289,132,1,1,20,1,'[43,20,43,20,10]'),(290,133,1,0,20,1,'[28,24]'),(291,133,3,1,15,1,'[27,19]'),(292,134,3,0,25,1,'[14,6,14,6,8,14,6]'),(293,134,1,1,20,1,'[28,27,28,27,8,28,27]'),(294,135,3,0,0,1,NULL),(295,135,1,1,0,1,NULL),(296,136,3,0,0,1,NULL),(297,136,1,1,0,1,NULL),(298,137,1,0,20,1,'[1,7,1,7,48,1,7]'),(299,137,3,1,25,1,'[51,15,51,15,48,51,15]'),(300,138,3,0,45,1,'[40,22,40,22,41,40,22]'),(301,138,1,1,40,1,'[45,46,45,46,41,45,46]'),(302,139,3,0,10,1,'[26,36,26,36,35]'),(303,139,1,1,15,1,'[49,37,49,37,35]'),(304,140,3,0,15,1,'[35,22,35,22,15,35,22]'),(305,140,1,1,10,1,'[19,38,19,38,15,19,38]'),(306,141,1,0,30,1,'[31,35,31,35,21]'),(307,141,3,1,25,1,'[32,0,32,0,21]'),(308,142,3,0,0,0,'[29,26,29,26,28,29,26]'),(309,142,1,1,0,1,'[1,47,1,47,28,1,47]'),(310,143,1,0,0,1,'[46,43]'),(311,143,3,1,0,0,'[7,47]'),(312,144,1,0,15,1,'[40,28,40,28,44,40,28]'),(313,144,3,1,10,1,'[43,29,43,29,44,43,29]'),(314,145,3,0,10,1,'[9,46,9,46,26,9,46]'),(315,145,1,1,15,1,'[33,0,33,0,26,33,0]'),(316,146,1,0,15,1,'[46,7,46,7,3]'),(317,146,3,1,10,1,'[41,51,41,51,3]'),(318,147,1,0,10,1,'[2,12,2,12,1,2,12]'),(319,147,3,1,15,1,'[10,43,10,43,1,10,43]'),(320,148,1,0,15,1,'[19,32,19,32,18,19,32]'),(321,148,3,1,10,1,'[24,43,24,43,18,24,43]'),(322,149,1,0,10,1,'[17,37,17,37,18,17,37]'),(323,149,3,1,15,1,'[50,9,50,9,18,50,9]'),(324,150,1,0,15,1,'[51,5,51,5,17]'),(325,150,3,1,10,1,'[32,4,32,4,17]'),(326,151,1,0,10,1,'[21,35,21,35,1,21,35]'),(327,151,3,1,15,1,'[45,36,45,36,1,45,36]'),(328,152,3,0,15,1,'[19,43,19,43,41,19,43]'),(329,152,1,1,10,1,'[10,18,10,18,41,10,18]'),(330,153,3,0,10,1,'[44,16,44,16,39,44,16]'),(331,153,1,1,15,1,'[4,12,4,12,39,4,12]'),(332,154,3,0,15,1,'[4,34,4,34,8,4,34]'),(333,154,1,1,10,1,'[25,1,25,1,8,25,1]');
/*!40000 ALTER TABLE `blee_texas_holdem_xref_play_game` ENABLE KEYS */;
UNLOCK TABLES;
/*!40103 SET TIME_ZONE=@OLD_TIME_ZONE */;

/*!40101 SET SQL_MODE=@OLD_SQL_MODE */;
/*!40014 SET FOREIGN_KEY_CHECKS=@OLD_FOREIGN_KEY_CHECKS */;
/*!40014 SET UNIQUE_CHECKS=@OLD_UNIQUE_CHECKS */;
/*!40101 SET CHARACTER_SET_CLIENT=@OLD_CHARACTER_SET_CLIENT */;
/*!40101 SET CHARACTER_SET_RESULTS=@OLD_CHARACTER_SET_RESULTS */;
/*!40101 SET COLLATION_CONNECTION=@OLD_COLLATION_CONNECTION */;
/*!40111 SET SQL_NOTES=@OLD_SQL_NOTES */;

-- Dump completed on 2019-12-09  4:43:01
